"Tipi di servizi sul territorio";"Tipi di servizi sul territorio";"<?xml version=""1.0"" encoding=""utf-8""?>
<section xmlns:image=""http://ez.no/namespaces/ezpublish3/image/"" xmlns:xhtml=""http://ez.no/namespaces/ezpublish3/xhtml/"" xmlns:custom=""http://ez.no/namespaces/ezpublish3/custom/""/>
";"<?xml version=""1.0"" encoding=""utf-8""?>
<section xmlns:image=""http://ez.no/namespaces/ezpublish3/image/"" xmlns:xhtml=""http://ez.no/namespaces/ezpublish3/xhtml/"" xmlns:custom=""http://ez.no/namespaces/ezpublish3/custom/""/>
";1;;0
"Esercizi per tipologia";"Esercizi per tipologia";"<?xml version=""1.0"" encoding=""utf-8""?>
<section xmlns:image=""http://ez.no/namespaces/ezpublish3/image/"" xmlns:xhtml=""http://ez.no/namespaces/ezpublish3/xhtml/"" xmlns:custom=""http://ez.no/namespaces/ezpublish3/custom/""/>
";"<?xml version=""1.0"" encoding=""utf-8""?>
<section xmlns:image=""http://ez.no/namespaces/ezpublish3/image/"" xmlns:xhtml=""http://ez.no/namespaces/ezpublish3/xhtml/"" xmlns:custom=""http://ez.no/namespaces/ezpublish3/custom/""/>
";1;;0
"Tipologia dei Bandi di gara";"Tipologia Bandi";"<?xml version=""1.0"" encoding=""utf-8""?>
<section xmlns:image=""http://ez.no/namespaces/ezpublish3/image/"" xmlns:xhtml=""http://ez.no/namespaces/ezpublish3/xhtml/"" xmlns:custom=""http://ez.no/namespaces/ezpublish3/custom/""><paragraph>Elenco delle tipologie di bandi di gara previste</paragraph></section>
";"<?xml version=""1.0"" encoding=""utf-8""?>
<section xmlns:image=""http://ez.no/namespaces/ezpublish3/image/"" xmlns:xhtml=""http://ez.no/namespaces/ezpublish3/xhtml/"" xmlns:custom=""http://ez.no/namespaces/ezpublish3/custom/""/>
";1;;0
"Fasi dei bandi di gara";"Fasi dei Bandi";"<?xml version=""1.0"" encoding=""utf-8""?>
<section xmlns:image=""http://ez.no/namespaces/ezpublish3/image/"" xmlns:xhtml=""http://ez.no/namespaces/ezpublish3/xhtml/"" xmlns:custom=""http://ez.no/namespaces/ezpublish3/custom/""><paragraph>Elenco delle fasi in cui un bando di gara pu√≤ trovarsi</paragraph></section>
";"<?xml version=""1.0"" encoding=""utf-8""?>
<section xmlns:image=""http://ez.no/namespaces/ezpublish3/image/"" xmlns:xhtml=""http://ez.no/namespaces/ezpublish3/xhtml/"" xmlns:custom=""http://ez.no/namespaces/ezpublish3/custom/""/>
";1;;0
"Testate giornalistiche";"Testate giornalistiche";"<?xml version=""1.0"" encoding=""utf-8""?>
<section xmlns:image=""http://ez.no/namespaces/ezpublish3/image/"" xmlns:xhtml=""http://ez.no/namespaces/ezpublish3/xhtml/"" xmlns:custom=""http://ez.no/namespaces/ezpublish3/custom/""/>
";"<?xml version=""1.0"" encoding=""utf-8""?>
<section xmlns:image=""http://ez.no/namespaces/ezpublish3/image/"" xmlns:xhtml=""http://ez.no/namespaces/ezpublish3/xhtml/"" xmlns:custom=""http://ez.no/namespaces/ezpublish3/custom/""/>
";1;;0
"Argomento giornalistico";"Argomento giornalistico";"<?xml version=""1.0"" encoding=""utf-8""?>
<section xmlns:image=""http://ez.no/namespaces/ezpublish3/image/"" xmlns:xhtml=""http://ez.no/namespaces/ezpublish3/xhtml/"" xmlns:custom=""http://ez.no/namespaces/ezpublish3/custom/""/>
";"<?xml version=""1.0"" encoding=""utf-8""?>
<section xmlns:image=""http://ez.no/namespaces/ezpublish3/image/"" xmlns:xhtml=""http://ez.no/namespaces/ezpublish3/xhtml/"" xmlns:custom=""http://ez.no/namespaces/ezpublish3/custom/""/>
";1;;0
Argomenti;Argomenti;"<?xml version=""1.0"" encoding=""utf-8""?>
<section xmlns:image=""http://ez.no/namespaces/ezpublish3/image/"" xmlns:xhtml=""http://ez.no/namespaces/ezpublish3/xhtml/"" xmlns:custom=""http://ez.no/namespaces/ezpublish3/custom/""/>
";"<?xml version=""1.0"" encoding=""utf-8""?>
<section xmlns:image=""http://ez.no/namespaces/ezpublish3/image/"" xmlns:xhtml=""http://ez.no/namespaces/ezpublish3/xhtml/"" xmlns:custom=""http://ez.no/namespaces/ezpublish3/custom/""/>
";1;;0
"Io sono - eventi della vita";;"<?xml version=""1.0"" encoding=""utf-8""?>
<section xmlns:image=""http://ez.no/namespaces/ezpublish3/image/"" xmlns:xhtml=""http://ez.no/namespaces/ezpublish3/xhtml/"" xmlns:custom=""http://ez.no/namespaces/ezpublish3/custom/""><paragraph>Insieme della classificazione in base ai panni del cittadinot (""eventi della vita"" e ""io sono"")&amp;nbsp;</paragraph></section>
";"<?xml version=""1.0"" encoding=""utf-8""?>
<section xmlns:image=""http://ez.no/namespaces/ezpublish3/image/"" xmlns:xhtml=""http://ez.no/namespaces/ezpublish3/xhtml/"" xmlns:custom=""http://ez.no/namespaces/ezpublish3/custom/""/>
";1;;0
"Mi interessa";"Mi interessa";"<?xml version=""1.0"" encoding=""utf-8""?>
<section xmlns:image=""http://ez.no/namespaces/ezpublish3/image/"" xmlns:xhtml=""http://ez.no/namespaces/ezpublish3/xhtml/"" xmlns:custom=""http://ez.no/namespaces/ezpublish3/custom/""/>
";"<?xml version=""1.0"" encoding=""utf-8""?>
<section xmlns:image=""http://ez.no/namespaces/ezpublish3/image/"" xmlns:xhtml=""http://ez.no/namespaces/ezpublish3/xhtml/"" xmlns:custom=""http://ez.no/namespaces/ezpublish3/custom/""/>
";1;;0
"Io sono";"Io sono";"<?xml version=""1.0"" encoding=""utf-8""?>
<section xmlns:image=""http://ez.no/namespaces/ezpublish3/image/"" xmlns:xhtml=""http://ez.no/namespaces/ezpublish3/xhtml/"" xmlns:custom=""http://ez.no/namespaces/ezpublish3/custom/""/>
";"<?xml version=""1.0"" encoding=""utf-8""?>
<section xmlns:image=""http://ez.no/namespaces/ezpublish3/image/"" xmlns:xhtml=""http://ez.no/namespaces/ezpublish3/xhtml/"" xmlns:custom=""http://ez.no/namespaces/ezpublish3/custom/""/>
";1;;0
"Aree Regolamenti";"Aree Regolamenti";"<?xml version=""1.0"" encoding=""utf-8""?>
<section xmlns:image=""http://ez.no/namespaces/ezpublish3/image/"" xmlns:xhtml=""http://ez.no/namespaces/ezpublish3/xhtml/"" xmlns:custom=""http://ez.no/namespaces/ezpublish3/custom/""/>
";"<?xml version=""1.0"" encoding=""utf-8""?>
<section xmlns:image=""http://ez.no/namespaces/ezpublish3/image/"" xmlns:xhtml=""http://ez.no/namespaces/ezpublish3/xhtml/"" xmlns:custom=""http://ez.no/namespaces/ezpublish3/custom/""/>
";1;;0
Legislature;;"<?xml version=""1.0"" encoding=""utf-8""?>
<section xmlns:image=""http://ez.no/namespaces/ezpublish3/image/"" xmlns:xhtml=""http://ez.no/namespaces/ezpublish3/xhtml/"" xmlns:custom=""http://ez.no/namespaces/ezpublish3/custom/""/>
";"<?xml version=""1.0"" encoding=""utf-8""?>
<section xmlns:image=""http://ez.no/namespaces/ezpublish3/image/"" xmlns:xhtml=""http://ez.no/namespaces/ezpublish3/xhtml/"" xmlns:custom=""http://ez.no/namespaces/ezpublish3/custom/""/>
";1;;0
"Liste elettorali";;"<?xml version=""1.0"" encoding=""utf-8""?>
<section xmlns:image=""http://ez.no/namespaces/ezpublish3/image/"" xmlns:xhtml=""http://ez.no/namespaces/ezpublish3/xhtml/"" xmlns:custom=""http://ez.no/namespaces/ezpublish3/custom/""/>
";"<?xml version=""1.0"" encoding=""utf-8""?>
<section xmlns:image=""http://ez.no/namespaces/ezpublish3/image/"" xmlns:xhtml=""http://ez.no/namespaces/ezpublish3/xhtml/"" xmlns:custom=""http://ez.no/namespaces/ezpublish3/custom/""/>
";1;;0
"Parti del Consiglio";;"<?xml version=""1.0"" encoding=""utf-8""?>
<section xmlns:image=""http://ez.no/namespaces/ezpublish3/image/"" xmlns:xhtml=""http://ez.no/namespaces/ezpublish3/xhtml/"" xmlns:custom=""http://ez.no/namespaces/ezpublish3/custom/""/>
";"<?xml version=""1.0"" encoding=""utf-8""?>
<section xmlns:image=""http://ez.no/namespaces/ezpublish3/image/"" xmlns:xhtml=""http://ez.no/namespaces/ezpublish3/xhtml/"" xmlns:custom=""http://ez.no/namespaces/ezpublish3/custom/""/>
";1;;0
Tematiche;;"<?xml version=""1.0"" encoding=""utf-8""?>
<section xmlns:image=""http://ez.no/namespaces/ezpublish3/image/"" xmlns:xhtml=""http://ez.no/namespaces/ezpublish3/xhtml/"" xmlns:custom=""http://ez.no/namespaces/ezpublish3/custom/""/>
";"<?xml version=""1.0"" encoding=""utf-8""?>
<section xmlns:image=""http://ez.no/namespaces/ezpublish3/image/"" xmlns:xhtml=""http://ez.no/namespaces/ezpublish3/xhtml/"" xmlns:custom=""http://ez.no/namespaces/ezpublish3/custom/""/>
";1;;0
"Tipi di commissioni";;"<?xml version=""1.0"" encoding=""utf-8""?>
<section xmlns:image=""http://ez.no/namespaces/ezpublish3/image/"" xmlns:xhtml=""http://ez.no/namespaces/ezpublish3/xhtml/"" xmlns:custom=""http://ez.no/namespaces/ezpublish3/custom/""/>
";"<?xml version=""1.0"" encoding=""utf-8""?>
<section xmlns:image=""http://ez.no/namespaces/ezpublish3/image/"" xmlns:xhtml=""http://ez.no/namespaces/ezpublish3/xhtml/"" xmlns:custom=""http://ez.no/namespaces/ezpublish3/custom/""/>
";1;;0
"Tipi di posizione";;"<?xml version=""1.0"" encoding=""utf-8""?>
<section xmlns:image=""http://ez.no/namespaces/ezpublish3/image/"" xmlns:xhtml=""http://ez.no/namespaces/ezpublish3/xhtml/"" xmlns:custom=""http://ez.no/namespaces/ezpublish3/custom/""/>
";"<?xml version=""1.0"" encoding=""utf-8""?>
<section xmlns:image=""http://ez.no/namespaces/ezpublish3/image/"" xmlns:xhtml=""http://ez.no/namespaces/ezpublish3/xhtml/"" xmlns:custom=""http://ez.no/namespaces/ezpublish3/custom/""/>
";1;;0
"Tipi di posti disponibili";;"<?xml version=""1.0"" encoding=""utf-8""?>
<section xmlns:image=""http://ez.no/namespaces/ezpublish3/image/"" xmlns:xhtml=""http://ez.no/namespaces/ezpublish3/xhtml/"" xmlns:custom=""http://ez.no/namespaces/ezpublish3/custom/""/>
";"<?xml version=""1.0"" encoding=""utf-8""?>
<section xmlns:image=""http://ez.no/namespaces/ezpublish3/image/"" xmlns:xhtml=""http://ez.no/namespaces/ezpublish3/xhtml/"" xmlns:custom=""http://ez.no/namespaces/ezpublish3/custom/""/>
";1;;0
"Tipi di risposte";;"<?xml version=""1.0"" encoding=""utf-8""?>
<section xmlns:image=""http://ez.no/namespaces/ezpublish3/image/"" xmlns:xhtml=""http://ez.no/namespaces/ezpublish3/xhtml/"" xmlns:custom=""http://ez.no/namespaces/ezpublish3/custom/""/>
";"<?xml version=""1.0"" encoding=""utf-8""?>
<section xmlns:image=""http://ez.no/namespaces/ezpublish3/image/"" xmlns:xhtml=""http://ez.no/namespaces/ezpublish3/xhtml/"" xmlns:custom=""http://ez.no/namespaces/ezpublish3/custom/""/>
";1;;0
"Tipi di servizi offerti dai locali";;"<?xml version=""1.0"" encoding=""utf-8""?>
<section xmlns:image=""http://ez.no/namespaces/ezpublish3/image/"" xmlns:xhtml=""http://ez.no/namespaces/ezpublish3/xhtml/"" xmlns:custom=""http://ez.no/namespaces/ezpublish3/custom/""/>
";"<?xml version=""1.0"" encoding=""utf-8""?>
<section xmlns:image=""http://ez.no/namespaces/ezpublish3/image/"" xmlns:xhtml=""http://ez.no/namespaces/ezpublish3/xhtml/"" xmlns:custom=""http://ez.no/namespaces/ezpublish3/custom/""/>
";1;;0
"Esercizi per menu offerti";;"<?xml version=""1.0"" encoding=""utf-8""?>
<section xmlns:image=""http://ez.no/namespaces/ezpublish3/image/"" xmlns:xhtml=""http://ez.no/namespaces/ezpublish3/xhtml/"" xmlns:custom=""http://ez.no/namespaces/ezpublish3/custom/""/>
";"<?xml version=""1.0"" encoding=""utf-8""?>
<section xmlns:image=""http://ez.no/namespaces/ezpublish3/image/"" xmlns:xhtml=""http://ez.no/namespaces/ezpublish3/xhtml/"" xmlns:custom=""http://ez.no/namespaces/ezpublish3/custom/""/>
";1;;0
"Tipologie di servizi base";;"<?xml version=""1.0"" encoding=""utf-8""?>
<section xmlns:image=""http://ez.no/namespaces/ezpublish3/image/"" xmlns:xhtml=""http://ez.no/namespaces/ezpublish3/xhtml/"" xmlns:custom=""http://ez.no/namespaces/ezpublish3/custom/""/>
";"<?xml version=""1.0"" encoding=""utf-8""?>
<section xmlns:image=""http://ez.no/namespaces/ezpublish3/image/"" xmlns:xhtml=""http://ez.no/namespaces/ezpublish3/xhtml/"" xmlns:custom=""http://ez.no/namespaces/ezpublish3/custom/""/>
";1;;0
"Tipologie di servizi per diversamente abili";;"<?xml version=""1.0"" encoding=""utf-8""?>
<section xmlns:image=""http://ez.no/namespaces/ezpublish3/image/"" xmlns:xhtml=""http://ez.no/namespaces/ezpublish3/xhtml/"" xmlns:custom=""http://ez.no/namespaces/ezpublish3/custom/""/>
";"<?xml version=""1.0"" encoding=""utf-8""?>
<section xmlns:image=""http://ez.no/namespaces/ezpublish3/image/"" xmlns:xhtml=""http://ez.no/namespaces/ezpublish3/xhtml/"" xmlns:custom=""http://ez.no/namespaces/ezpublish3/custom/""/>
";1;;0
"Tipologie di servizi per famiglie con bambini";;"<?xml version=""1.0"" encoding=""utf-8""?>
<section xmlns:image=""http://ez.no/namespaces/ezpublish3/image/"" xmlns:xhtml=""http://ez.no/namespaces/ezpublish3/xhtml/"" xmlns:custom=""http://ez.no/namespaces/ezpublish3/custom/""/>
";"<?xml version=""1.0"" encoding=""utf-8""?>
<section xmlns:image=""http://ez.no/namespaces/ezpublish3/image/"" xmlns:xhtml=""http://ez.no/namespaces/ezpublish3/xhtml/"" xmlns:custom=""http://ez.no/namespaces/ezpublish3/custom/""/>
";1;;0
"Tipi di strutture";;"<?xml version=""1.0"" encoding=""utf-8""?>
<section xmlns:image=""http://ez.no/namespaces/ezpublish3/image/"" xmlns:xhtml=""http://ez.no/namespaces/ezpublish3/xhtml/"" xmlns:custom=""http://ez.no/namespaces/ezpublish3/custom/""/>
";"<?xml version=""1.0"" encoding=""utf-8""?>
<section xmlns:image=""http://ez.no/namespaces/ezpublish3/image/"" xmlns:xhtml=""http://ez.no/namespaces/ezpublish3/xhtml/"" xmlns:custom=""http://ez.no/namespaces/ezpublish3/custom/""/>
";1;;0
"Servizi indipendenti";;"<?xml version=""1.0"" encoding=""utf-8""?>
<section xmlns:image=""http://ez.no/namespaces/ezpublish3/image/"" xmlns:xhtml=""http://ez.no/namespaces/ezpublish3/xhtml/"" xmlns:custom=""http://ez.no/namespaces/ezpublish3/custom/""/>
";"<?xml version=""1.0"" encoding=""utf-8""?>
<section xmlns:image=""http://ez.no/namespaces/ezpublish3/image/"" xmlns:xhtml=""http://ez.no/namespaces/ezpublish3/xhtml/"" xmlns:custom=""http://ez.no/namespaces/ezpublish3/custom/""/>
";1;;0
"Tipi di telefoni";;"<?xml version=""1.0"" encoding=""utf-8""?>
<section xmlns:image=""http://ez.no/namespaces/ezpublish3/image/"" xmlns:xhtml=""http://ez.no/namespaces/ezpublish3/xhtml/"" xmlns:custom=""http://ez.no/namespaces/ezpublish3/custom/""/>
";"<?xml version=""1.0"" encoding=""utf-8""?>
<section xmlns:image=""http://ez.no/namespaces/ezpublish3/image/"" xmlns:xhtml=""http://ez.no/namespaces/ezpublish3/xhtml/"" xmlns:custom=""http://ez.no/namespaces/ezpublish3/custom/""/>
";1;;0
