"Italia dei Valori - Di Pietro";"<?xml version=""1.0"" encoding=""utf-8""?>
<section xmlns:image=""http://ez.no/namespaces/ezpublish3/image/"" xmlns:xhtml=""http://ez.no/namespaces/ezpublish3/xhtml/"" xmlns:custom=""http://ez.no/namespaces/ezpublish3/custom/""><paragraph>IdV</paragraph></section>
";"<?xml version=""1.0"" encoding=""utf-8""?>
<section xmlns:image=""http://ez.no/namespaces/ezpublish3/image/"" xmlns:xhtml=""http://ez.no/namespaces/ezpublish3/xhtml/"" xmlns:custom=""http://ez.no/namespaces/ezpublish3/custom/""/>
";|
"UPT - Unione per il Trentino";"<?xml version=""1.0"" encoding=""utf-8""?>
<section xmlns:image=""http://ez.no/namespaces/ezpublish3/image/"" xmlns:xhtml=""http://ez.no/namespaces/ezpublish3/xhtml/"" xmlns:custom=""http://ez.no/namespaces/ezpublish3/custom/""><paragraph>UPT</paragraph></section>
";"<?xml version=""1.0"" encoding=""utf-8""?>
<section xmlns:image=""http://ez.no/namespaces/ezpublish3/image/"" xmlns:xhtml=""http://ez.no/namespaces/ezpublish3/xhtml/"" xmlns:custom=""http://ez.no/namespaces/ezpublish3/custom/""/>
";|
"Socialisti e Democratici per Trento";"<?xml version=""1.0"" encoding=""utf-8""?>
<section xmlns:image=""http://ez.no/namespaces/ezpublish3/image/"" xmlns:xhtml=""http://ez.no/namespaces/ezpublish3/xhtml/"" xmlns:custom=""http://ez.no/namespaces/ezpublish3/custom/""><paragraph>Socialisti e Democratici per Trento</paragraph></section>
";"<?xml version=""1.0"" encoding=""utf-8""?>
<section xmlns:image=""http://ez.no/namespaces/ezpublish3/image/"" xmlns:xhtml=""http://ez.no/namespaces/ezpublish3/xhtml/"" xmlns:custom=""http://ez.no/namespaces/ezpublish3/custom/""/>
";|
"Rifondazione comunista";"<?xml version=""1.0"" encoding=""utf-8""?>
<section xmlns:image=""http://ez.no/namespaces/ezpublish3/image/"" xmlns:xhtml=""http://ez.no/namespaces/ezpublish3/xhtml/"" xmlns:custom=""http://ez.no/namespaces/ezpublish3/custom/""><paragraph>Comunisti italiani</paragraph></section>
";"<?xml version=""1.0"" encoding=""utf-8""?>
<section xmlns:image=""http://ez.no/namespaces/ezpublish3/image/"" xmlns:xhtml=""http://ez.no/namespaces/ezpublish3/xhtml/"" xmlns:custom=""http://ez.no/namespaces/ezpublish3/custom/""/>
";|
"Il Popolo della Libert√†";"<?xml version=""1.0"" encoding=""utf-8""?>
<section xmlns:image=""http://ez.no/namespaces/ezpublish3/image/"" xmlns:xhtml=""http://ez.no/namespaces/ezpublish3/xhtml/"" xmlns:custom=""http://ez.no/namespaces/ezpublish3/custom/""><paragraph>Silvio Berlusconi</paragraph></section>
";"<?xml version=""1.0"" encoding=""utf-8""?>
<section xmlns:image=""http://ez.no/namespaces/ezpublish3/image/"" xmlns:xhtml=""http://ez.no/namespaces/ezpublish3/xhtml/"" xmlns:custom=""http://ez.no/namespaces/ezpublish3/custom/""/>
";|
PATT;"<?xml version=""1.0"" encoding=""utf-8""?>
<section xmlns:image=""http://ez.no/namespaces/ezpublish3/image/"" xmlns:xhtml=""http://ez.no/namespaces/ezpublish3/xhtml/"" xmlns:custom=""http://ez.no/namespaces/ezpublish3/custom/""><paragraph>Stelle alpine</paragraph></section>
";"<?xml version=""1.0"" encoding=""utf-8""?>
<section xmlns:image=""http://ez.no/namespaces/ezpublish3/image/"" xmlns:xhtml=""http://ez.no/namespaces/ezpublish3/xhtml/"" xmlns:custom=""http://ez.no/namespaces/ezpublish3/custom/""/>
";|
"Verdi e Democratici per Trento";"<?xml version=""1.0"" encoding=""utf-8""?>
<section xmlns:image=""http://ez.no/namespaces/ezpublish3/image/"" xmlns:xhtml=""http://ez.no/namespaces/ezpublish3/xhtml/"" xmlns:custom=""http://ez.no/namespaces/ezpublish3/custom/""><paragraph>Verdi e Democratici per Trento</paragraph></section>
";"<?xml version=""1.0"" encoding=""utf-8""?>
<section xmlns:image=""http://ez.no/namespaces/ezpublish3/image/"" xmlns:xhtml=""http://ez.no/namespaces/ezpublish3/xhtml/"" xmlns:custom=""http://ez.no/namespaces/ezpublish3/custom/""/>
";|
"Lista Civica per Trento - Morandini Sindaco";"<?xml version=""1.0"" encoding=""utf-8""?>
<section xmlns:image=""http://ez.no/namespaces/ezpublish3/image/"" xmlns:xhtml=""http://ez.no/namespaces/ezpublish3/xhtml/"" xmlns:custom=""http://ez.no/namespaces/ezpublish3/custom/""><paragraph>Lista Civica per Trento - Morandini Sindaco</paragraph></section>
";"<?xml version=""1.0"" encoding=""utf-8""?>
<section xmlns:image=""http://ez.no/namespaces/ezpublish3/image/"" xmlns:xhtml=""http://ez.no/namespaces/ezpublish3/xhtml/"" xmlns:custom=""http://ez.no/namespaces/ezpublish3/custom/""/>
";|
"Lega Nord Trentino";"<?xml version=""1.0"" encoding=""utf-8""?>
<section xmlns:image=""http://ez.no/namespaces/ezpublish3/image/"" xmlns:xhtml=""http://ez.no/namespaces/ezpublish3/xhtml/"" xmlns:custom=""http://ez.no/namespaces/ezpublish3/custom/""><paragraph>Lega Nord Trentino</paragraph></section>
";"<?xml version=""1.0"" encoding=""utf-8""?>
<section xmlns:image=""http://ez.no/namespaces/ezpublish3/image/"" xmlns:xhtml=""http://ez.no/namespaces/ezpublish3/xhtml/"" xmlns:custom=""http://ez.no/namespaces/ezpublish3/custom/""/>
";|
"Leali del Trentino";"<?xml version=""1.0"" encoding=""utf-8""?>
<section xmlns:image=""http://ez.no/namespaces/ezpublish3/image/"" xmlns:xhtml=""http://ez.no/namespaces/ezpublish3/xhtml/"" xmlns:custom=""http://ez.no/namespaces/ezpublish3/custom/""><paragraph>Leali del Trentino</paragraph></section>
";"<?xml version=""1.0"" encoding=""utf-8""?>
<section xmlns:image=""http://ez.no/namespaces/ezpublish3/image/"" xmlns:xhtml=""http://ez.no/namespaces/ezpublish3/xhtml/"" xmlns:custom=""http://ez.no/namespaces/ezpublish3/custom/""/>
";|
"Unione di Centro - Casini";"<?xml version=""1.0"" encoding=""utf-8""?>
<section xmlns:image=""http://ez.no/namespaces/ezpublish3/image/"" xmlns:xhtml=""http://ez.no/namespaces/ezpublish3/xhtml/"" xmlns:custom=""http://ez.no/namespaces/ezpublish3/custom/""><paragraph>Unione di Centro - Casini</paragraph></section>
";"<?xml version=""1.0"" encoding=""utf-8""?>
<section xmlns:image=""http://ez.no/namespaces/ezpublish3/image/"" xmlns:xhtml=""http://ez.no/namespaces/ezpublish3/xhtml/"" xmlns:custom=""http://ez.no/namespaces/ezpublish3/custom/""/>
";|
"Partito Democratico del Trentino";"<?xml version=""1.0"" encoding=""utf-8""?>
<section xmlns:image=""http://ez.no/namespaces/ezpublish3/image/"" xmlns:xhtml=""http://ez.no/namespaces/ezpublish3/xhtml/"" xmlns:custom=""http://ez.no/namespaces/ezpublish3/custom/""><paragraph>PD</paragraph></section>
";"<?xml version=""1.0"" encoding=""utf-8""?>
<section xmlns:image=""http://ez.no/namespaces/ezpublish3/image/"" xmlns:xhtml=""http://ez.no/namespaces/ezpublish3/xhtml/"" xmlns:custom=""http://ez.no/namespaces/ezpublish3/custom/""/>
";|
